{"dataSourceID":1,"MeasureDataList":[{"tag":"RSSI","value":-33,"timeStampTicks":636262336662790000},{"tag":"Active Energy Consumption, Ph 1","value":136889900,"timeStampTicks":636262336666430000},{"tag":"Active Energy Consumption, Ph 2","value":160701562.5,"timeStampTicks":636262336666430000},{"tag":"Active Energy Consumption, Ph 3","value":163357512.5,"timeStampTicks":636262336666430000},{"tag":"Active Energy Consumption SUM","value":460948975,"timeStampTicks":636262336666430000},{"tag":"Reactive Energy Consumption, Ph 1","value":81348100,"timeStampTicks":636262336666430000},{"tag":"Reactive Energy Consumption, Ph 2","value":89086325,"timeStampTicks":636262336666430000},{"tag":"Reactive Energy Consumption, Ph 3","value":97320187.5,"timeStampTicks":636262336666430000},{"tag":"Reactive Energy Consumption SUM","value":267754612.5,"timeStampTicks":636262336666430000},{"tag":"Apparent Energy Consumption, Ph 1","value":190242975,"timeStampTicks":636262336666430000},{"tag":"Apparent Energy Consumption, Ph 2","value":185147850,"timeStampTicks":636262336666430000},{"tag":"Apparent Energy Consumption, Ph 3","value":191732737.5,"timeStampTicks":636262336666430000},{"tag":"Apparent Energy Consumption SUM","value":567123562.5,"timeStampTicks":636262336666430000},{"tag":"Instant Active Energy,Phase 1","value":16021.875,"timeStampTicks":636262336666430000},{"tag":"Instant Active Energy,Phase 2","value":4006.25,"timeStampTicks":636262336666430000},{"tag":"Instant Active Energy,Phase 3","value":28001.5625,"timeStampTicks":636262336666430000},{"tag":"Instant Active Energy,Phase SUM","value":1500,"timeStampTicks":636262336666430000},{"tag":"Instant Reactive Energy,Phase 1","value":16000,"timeStampTicks":636262336666430000},{"tag":"Instant Reactive Energy,Phase 2","value":4006.25,"timeStampTicks":636262336666430000},{"tag":"Instant Reactive Energy,Phase 3","value":28001.5625,"timeStampTicks":636262336666430000},{"tag":"Instant Reactive Energy,Phase SUM","value":4423.4375,"timeStampTicks":636262336666430000},{"tag":"Instant Apparent Energy,Phase 1","value":4464.0625,"timeStampTicks":636262336666430000},{"tag":"Instant Apparent Energy,Phase 2","value":4434.375,"timeStampTicks":636262336666430000},{"tag":"Instant Apparent Energy,Phase 3","value":13321.875,"timeStampTicks":636262336666430000},{"tag":"Instant Apparent Energy,Phase SUM","value":2651.5625,"timeStampTicks":636262336666430000},{"tag":"Instant Max Current,Phase 1","value":134.1963,"timeStampTicks":636262336666430000},{"tag":"Instant Max Current,Phase 2","value":149.3569,"timeStampTicks":636262336666430000},{"tag":"Instant Max Current,Phase 3","value":424.9133,"timeStampTicks":636262336666430000},{"tag":"Instant Max Voltage,Phase 1","value":133.32,"timeStampTicks":636262336666430000},{"tag":"Instant Max Voltage,Phase 2","value":132.56,"timeStampTicks":636262336666430000},{"tag":"Instant Max Voltage,Phase 3","value":135.72,"timeStampTicks":636262336666430000}]}